<?xml version="1.0" encoding="UTF-8"?>
<project-private xmlns="http://www.netbeans.org/ns/project-private/1">
    <editor-bookmarks xmlns="http://www.netbeans.org/ns/editor-bookmarks/2" lastBookmarkId="0"/>
    <open-files xmlns="http://www.netbeans.org/ns/projectui-open-files/2">
        <group>
            <file>file:/home/arthur/Documentos/Computaçao/POO/Sistema%20de%20Gerenciamento%20de%20Notas-UDESC/src/persistencia/ConexaoDAO.java</file>
            <file>file:/home/arthur/Documentos/Computaçao/POO/Sistema%20de%20Gerenciamento%20de%20Notas-UDESC/src/UI/TelaPrincipal.java</file>
        </group>
    </open-files>
</project-private>
